edition_id,ad_category,quarter,ad_revenue,currency,comments,Revenue_INR,quarter-year,year
ED1006,A001,Q1-2024,4998136,INR,,4541077,Q1-2020,2024
ED1006,A001,2021-Q2,4989760,INR,,1333711.038,Q2-2023,2021
ED1009,A001,4th Qtr 2024,4987124,INR,,1730145,Q4-2022,2024
ED1008,A004,Q1-2023,4986784,IN RUPEES,,1570853,Q1-2020,2023
ED1003,A004,Q3-2019,4985211,IN RUPEES,,4506722,Q4-2024,2019
ED1002,A002,2022-Q2,4984162,INR,,3994862,Q3-2021,2022
ED1009,A001,2020-Q2,4981686,INR,Price hike concern,1421291,Q1-2023,2020
ED1007,A002,2019-Q2,4981620,INR,,1292854.44,Q2-2020,2019
ED1010,A004,4th Qtr 2020,4980925,INR,,3922189,Q1-2020,2020
ED1007,A003,4th Qtr 2024,4974528,INR,,3605305.962,Q4-2022,2024
ED1002,A003,4th Qtr 2019,4972321,IN RUPEES,,4297881,Q4-2019,2019
ED1010,A002,4th Qtr 2022,4967832,INR,,1537804,Q2-2019,2022
ED1008,A001,2023-Q2,4967532,INR,,2609498.417,Q4-2021,2023
ED1003,A004,Q1-2020,4967293,IN RUPEES,,1034680,Q4-2024,2020
ED1002,A003,4th Qtr 2022,4966317,INR,,1602294,Q4-2023,2022
ED1004,A003,2023-Q2,4961514,INR,,2036881.001,Q4-2023,2023
ED1005,A003,Q1-2021,4958980,INR,,2331273,Q1-2023,2021
ED1009,A004,2019-Q2,4958821,INR,,3242780,Q3-2024,2019
ED1007,A002,2020-Q2,4955352,INR,,3928163,Q1-2023,2020
ED1007,A003,Q1-2019,4953284,INR,,2348389,Q2-2020,2019
ED1006,A001,Q1-2021,4951068,INR,,4477999.579,Q3-2020,2021
ED1009,A001,4th Qtr 2019,4946735,IN RUPEES,,4129239,Q4-2023,2019
ED1009,A004,Q1-2022,4945671,INR,,4260601,Q2-2021,2022
ED1004,A003,4th Qtr 2023,4925856,INR,,3602816,Q3-2021,2023
ED1003,A001,Q1-2023,4893012,INR,,1330897,Q2-2020,2023
ED1005,A003,Q3-2021,4888599,INR,,4024129,Q2-2022,2021
ED1004,A003,Q1-2024,4887198,INR,,2630209,Q4-2024,2024
ED1001,A002,4th Qtr 2023,4878582,INR,,1878059,Q3-2020,2023
ED1009,A004,Q1-2020,4877131,IN RUPEES,,4335023,Q4-2021,2020
ED1003,A002,4th Qtr 2022,4872915,INR,,4030737,Q3-2019,2022
ED1006,A004,2020-Q2,4843897,INR,,3801474,Q3-2024,2020
ED1002,A004,Q3-2022,4838223,INR,,3183906,Q3-2022,2022
ED1008,A002,2019-Q2,4837738,INR,,4946735,Q4-2019,2019
ED1004,A002,4th Qtr 2019,4826050,INR,,2446120,Q4-2021,2019
ED1004,A001,4th Qtr 2021,4818857,INR,,2456742,Q1-2021,2021
ED1005,A004,2024-Q2,4816160,INR,,1465133,Q2-2024,2024
ED1004,A001,4th Qtr 2024,4810814,INR,,4540171,Q4-2020,2024
ED1001,A001,2024-Q2,4790190,INR,,4644944,Q4-2023,2024
ED1009,A004,4th Qtr 2022,4788760,INR,,2275804,Q2-2021,2022
ED1009,A001,4th Qtr 2023,4786886,INR,,2078245,Q4-2023,2023
ED1007,A003,4th Qtr 2022,4780497,INR,,3429276,Q2-2022,2022
ED1002,A004,Q1-2021,4774237,INR,,2950041.735,Q4-2022,2021
ED1001,A003,4th Qtr 2022,4772787,INR,,2797489.102,Q3-2021,2022
ED1010,A003,Q3-2024,4763723,INR,,2937499,Q3-2023,2024
ED1001,A004,Q3-2023,4760181,INR,,1555116,Q3-2021,2023
ED1008,A001,Q3-2022,4738474,INR,,4800175.965,Q4-2024,2022
ED1006,A003,2024-Q2,4734800,INR,,1446422,Q4-2019,2024
ED1002,A003,Q3-2023,4724579,IN RUPEES,,4760090.406,Q2-2023,2023
ED1002,A004,Q1-2022,4720623,INR,,3085027,Q2-2021,2022
ED1002,A004,Q3-2019,4715699,INR,,2958468,Q1-2019,2019
ED1003,A003,2022-Q2,4711892,INR,,4706096.666,Q3-2024,2022
ED1008,A004,4th Qtr 2023,4705301,INR,Festive push,2919635.553,Q3-2023,2023
ED1009,A004,Q3-2024,4704138,INR,,4790190,Q2-2024,2024
ED1003,A002,Q3-2021,4699320,INR,,4987124,Q4-2024,2021
ED1009,A003,2021-Q2,4684030,INR,,1768850.404,Q2-2020,2021
ED1004,A001,Q1-2024,4680238,INR,,3119807,Q2-2024,2024
ED1007,A001,Q3-2024,4676770,INR,,3664114,Q1-2024,2024
ED1006,A002,Q1-2019,4673238,INR,,1460599,Q3-2021,2019
ED1001,A003,2023-Q2,4669703,INR,,3736649,Q3-2023,2023
ED1010,A002,4th Qtr 2023,4669088,INR,,1837077,Q4-2020,2023
ED1009,A002,2020-Q2,4660210,INR,,1254709.941,Q2-2022,2020
ED1006,A003,4th Qtr 2023,4644944,INR,,2926883,Q4-2024,2023
ED1003,A001,2019-Q2,4636340,INR,,1241017,Q1-2019,2019
ED1006,A001,Q3-2023,4624468,INR,,1897920,Q2-2023,2023
ED1008,A002,Q1-2024,4624074,INR,,1183911.941,Q3-2021,2024
ED1009,A001,Q1-2023,4601761,INR,,4715699,Q3-2019,2023
ED1009,A003,Q1-2022,4592455,INR,,3004609.748,Q2-2019,2022
ED1001,A001,Q3-2024,4582286,INR,,3740502,Q3-2022,2024
ED1001,A003,2024-Q2,4571581,INR,,3348030,Q1-2024,2024
ED1009,A001,4th Qtr 2022,4564855,INR,,4592455,Q1-2022,2022
ED1006,A001,Q1-2020,4563048,INR,,2121905,Q3-2019,2020
ED1005,A004,4th Qtr 2021,4560605,INR,,2676505,Q2-2023,2021
ED1002,A001,4th Qtr 2023,4557145,INR,,3443528.588,Q1-2024,2023
ED1003,A002,Q1-2022,4550543,INR,,1635330,Q4-2020,2022
ED1007,A003,4th Qtr 2022,4542127,INR,,2571209,Q3-2019,2022
ED1001,A003,Q1-2020,4541077,IN RUPEES,,2764303.768,Q2-2019,2020
ED1006,A004,Q3-2024,4540957,INR,,3872848.981,Q1-2024,2024
ED1008,A004,4th Qtr 2020,4540171,INR,,3103232.902,Q4-2021,2020
ED1007,A004,Q1-2020,4539802,INR,,2928356,Q3-2020,2020
ED1003,A004,2023-Q2,4537278,INR,,3467112,Q4-2019,2023
ED1007,A002,Q1-2019,4532792,INR,,1698287.328,Q4-2019,2019
ED1003,A002,Q3-2024,4525881,INR,,4887198,Q1-2024,2024
ED1001,A001,Q3-2019,4524919,INR,,3170086,Q2-2019,2019
ED1008,A003,Q3-2022,4520446,INR,,4669703,Q2-2023,2022
ED1002,A003,Q1-2024,4511324,INR,,4320534,Q4-2022,2024
ED1008,A002,4th Qtr 2024,4506722,INR,,3709171,Q1-2020,2024
ED1002,A003,4th Qtr 2024,4493893,INR,,4169803.237,Q3-2024,2024
ED1004,A001,Q3-2019,4477898,INR,,1700195,Q2-2021,2019
ED1006,A001,4th Qtr 2023,4468958,INR,Festive push,1148038,Q4-2022,2023
ED1003,A001,Q3-2019,4456931,INR,,2572081.444,Q4-2021,2019
ED1002,A003,2021-Q2,4450464,INR,,4270354,Q3-2021,2021
ED1004,A001,Q1-2022,4448644,INR,,4511324,Q1-2024,2022
ED1001,A002,Q1-2019,4435378,INR,,1747229.081,Q3-2019,2019
ED1005,A002,2023-Q2,4410443,INR,,2400998,Q2-2022,2023
ED1004,A004,2024-Q2,4408072,INR,,4375262.605,Q1-2023,2024
ED1006,A004,2019-Q2,4384750,IN RUPEES,,3019429,Q1-2022,2019
ED1010,A003,4th Qtr 2024,4377444,INR,,3658697.2,Q4-2020,2024
ED1005,A004,2020-Q2,4342961,INR,,4624074,Q1-2024,2020
ED1004,A001,4th Qtr 2021,4335023,INR,,2257263,Q4-2021,2021
ED1008,A003,Q1-2021,4324602,INR,,1711910,Q2-2020,2021
ED1003,A003,4th Qtr 2022,4320534,INR,,2577548,Q1-2020,2022
ED1008,A001,4th Qtr 2019,4297881,INR,,4234838,Q4-2023,2019
ED1001,A002,4th Qtr 2021,4288952,INR,,3737166,Q2-2020,2021
ED1005,A002,4th Qtr 2024,4284607,INR,,2853997.389,Q2-2022,2024
ED1001,A003,Q3-2021,4270354,INR,,2435643,Q1-2020,2021
ED1006,A004,4th Qtr 2019,4269401,INR,,3051940,Q3-2024,2019
ED1004,A004,4th Qtr 2024,4266866,INR,,4582286,Q3-2024,2024
ED1007,A003,2021-Q2,4260601,INR,Real estate slowdown,1213240.693,Q2-2021,2021
ED1006,A001,Q3-2024,4255942,IN RUPEES,,3721926,Q3-2022,2024
ED1003,A003,4th Qtr 2021,4248571,INR,,2968799,Q4-2020,2021
ED1003,A002,Q3-2022,4246611,IN RUPEES,,4419721.36,Q3-2024,2022
ED1008,A002,4th Qtr 2023,4234838,INR,,4416063.672,Q2-2023,2023
ED1003,A003,2021-Q2,4221131,INR,,3894529,Q2-2022,2021
ED1003,A001,Q3-2022,4205147,INR,,2576510.156,Q4-2024,2022
ED1002,A004,4th Qtr 2020,4202938,INR,,1623335,Q3-2020,2020
ED1001,A004,2020-Q2,4191570,INR,,1007440,Q2-2023,2020
ED1004,A001,Q3-2019,4186647,INR,,2159916.485,Q4-2023,2019
ED1010,A003,Q3-2020,4185890,INR,,3577119.991,Q2-2021,2020
ED1002,A002,2023-Q2,4180639,IN RUPEES,,2867547,Q1-2023,2023
ED1002,A001,Q3-2022,4175234,INR,,2511683,Q4-2021,2022
ED1002,A003,Q1-2021,4173283,INR,,2946807,Q2-2021,2021
ED1005,A003,Q3-2023,4163232,INR,,3464732,Q3-2023,2023
ED1004,A001,Q1-2024,4137507,IN RUPEES,,2801446,Q3-2022,2024
ED1003,A003,4th Qtr 2020,4134867,INR,,3823559,Q3-2024,2020
ED1004,A003,Q3-2022,4130337,IN RUPEES,,1908524.404,Q2-2020,2022
ED1005,A002,4th Qtr 2023,4129239,INR,,3379234.01,Q4-2024,2023
ED1006,A003,Q1-2022,4117736,INR,,3641516.136,Q3-2020,2022
ED1004,A002,4th Qtr 2023,4114010,INR,,2528929,Q2-2019,2023
ED1005,A002,Q1-2020,4107380,INR,,1665511,Q2-2022,2020
ED1005,A001,Q3-2023,4085719,INR,,1069470,Q1-2020,2023
ED1004,A002,Q1-2019,4062573,INR,,4676770,Q3-2024,2019
ED1003,A001,Q3-2024,4048442,INR,,3639758,Q1-2021,2024
ED1006,A004,Q3-2019,4030737,INR,,1627327.854,Q4-2024,2019
ED1003,A001,2022-Q2,4024129,INR,,4205147,Q3-2022,2022
ED1007,A004,4th Qtr 2024,4017641,INR,,4163232,Q3-2023,2024
ED1004,A001,4th Qtr 2019,4016088,INR,,1013534,Q2-2023,2019
ED1003,A001,4th Qtr 2021,4013954,INR,,3108487,Q4-2022,2021
ED1010,A003,4th Qtr 2020,4013324,INR,,3762752,Q2-2024,2020
ED1003,A001,Q3-2019,4007884,INR,,3081065,Q1-2023,2019
ED1003,A004,Q1-2024,3996707,INR,,4998136,Q1-2024,2024
ED1007,A004,Q3-2021,3994862,INR,,2347909.459,Q2-2024,2021
ED1007,A001,Q1-2022,3985309,INR,,1945999,Q1-2019,2022
ED1003,A002,Q1-2023,3981935,IN RUPEES,,1589196,Q1-2022,2023
ED1001,A001,2021-Q2,3966415,INR,,4228325.435,Q2-2024,2021
ED1009,A002,Q1-2022,3964411,INR,,1568681,Q4-2021,2022
ED1009,A003,2020-Q2,3950094,INR,,3053015,Q4-2023,2020
ED1005,A001,4th Qtr 2023,3943869,IN RUPEES,,1963722.64,Q3-2019,2023
ED1006,A003,Q1-2023,3928163,INR,,4221131,Q2-2021,2023
ED1009,A002,Q1-2020,3922189,IN RUPEES,,2179280,Q3-2020,2020
ED1010,A001,Q3-2023,3913874,INR,,2169207,Q4-2022,2023
ED1010,A003,Q1-2023,3899226,INR,,4477898,Q3-2019,2023
ED1002,A004,2022-Q2,3894529,INR,,2051589.094,Q1-2022,2022
ED1006,A001,2019-Q2,3890750,IN RUPEES,,4699320,Q3-2021,2019
ED1003,A003,Q3-2020,3877434,INR,,3038452,Q4-2019,2020
ED1004,A001,2023-Q2,3872634,IN RUPEES,,1657516,Q3-2021,2023
ED1007,A004,Q1-2021,3862439,INR,,4180639,Q2-2023,2021
ED1008,A002,2021-Q2,3852657,INR,Real estate slowdown,1446083,Q3-2020,2021
ED1005,A002,Q3-2021,3851157,IN RUPEES,,2523860,Q3-2021,2021
ED1010,A003,Q1-2021,3846340,IN RUPEES,,4724579,Q3-2023,2021
ED1001,A004,4th Qtr 2024,3845449,INR,,1226711,Q3-2024,2024
ED1004,A004,2019-Q2,3832278,IN RUPEES,,2265768,Q1-2019,2019
ED1005,A001,4th Qtr 2019,3826439,INR,,3509884,Q1-2023,2019
ED1004,A001,Q3-2024,3823559,IN RUPEES,,1962224,Q2-2022,2024
ED1004,A001,4th Qtr 2020,3816051,INR,,2997151,Q3-2022,2020
ED1005,A003,Q3-2024,3801474,INR,,2333715,Q3-2020,2024
ED1009,A004,2022-Q2,3795400,INR,,1225358,Q3-2022,2022
ED1004,A004,2024-Q2,3762752,INR,,3402477,Q3-2023,2024
ED1001,A003,Q3-2019,3740973,INR,,2196738,Q1-2020,2019
ED1006,A002,Q3-2022,3740502,INR,,3227168,Q4-2022,2022
ED1006,A003,2020-Q2,3737166,INR,,1371953,Q3-2020,2020
ED1006,A002,Q3-2023,3736649,INR,,4605465.957,Q2-2024,2023
ED1008,A001,4th Qtr 2022,3729500,INR,,2938517,Q4-2024,2022
ED1001,A001,Q3-2022,3721926,INR,,2650525,Q1-2021,2022
ED1007,A001,Q3-2022,3711664,IN RUPEES,,3604412.711,Q3-2023,2022
ED1001,A003,Q3-2023,3709860,INR,,4450464,Q2-2021,2023
ED1001,A004,Q1-2020,3709171,INR,,2643732.94,Q1-2019,2020
ED1001,A001,2019-Q2,3695135,INR,,1903960.489,Q1-2019,2019
ED1002,A003,Q3-2023,3689392,IN RUPEES,,2110041,Q2-2023,2023
ED1006,A001,Q3-2020,3687266,INR,,2403218.233,Q2-2023,2020
ED1009,A002,Q3-2019,3683837,INR,,1736314,Q4-2024,2019
ED1003,A002,Q1-2024,3664114,INR,,3549020.432,Q2-2019,2024
ED1009,A003,Q1-2021,3652377,INR,,3136084,Q4-2019,2021
ED1006,A003,4th Qtr 2022,3648057,INR,,3687266,Q3-2020,2022
ED1001,A003,Q1-2021,3639758,INR,,4048442,Q3-2024,2021
ED1005,A001,Q1-2024,3635048,INR,,2310195.285,Q2-2022,2024
ED1002,A004,2020-Q2,3624128,INR,,2821786.534,Q1-2021,2020
ED1007,A002,2024-Q2,3620989,INR,,4967832,Q4-2022,2024
ED1005,A001,2024-Q2,3610193,INR,,3648057,Q4-2022,2024
ED1001,A003,Q3-2020,3607897,IN RUPEES,,3167891,Q1-2020,2020
ED1009,A001,Q3-2022,3605109,IN RUPEES,,3605109,Q3-2022,2022
ED1004,A001,Q3-2021,3602816,INR,,1805053.955,Q3-2020,2021
ED1008,A003,Q3-2021,3602288,IN RUPEES,,2173878,Q2-2019,2021
ED1001,A002,4th Qtr 2019,3587082,INR,,2665096,Q1-2022,2019
ED1006,A001,Q1-2023,3556118,INR,,1986962.518,Q1-2021,2023
ED1001,A003,Q3-2023,3552316,INR,New FMCG client onboarded,3877434,Q3-2020,2023
ED1007,A003,Q1-2023,3509884,INR,,3981935,Q1-2023,2023
ED1007,A001,Q1-2020,3497742,IN RUPEES,,4673238,Q1-2019,2020
ED1004,A003,4th Qtr 2022,3494727,INR,,1706575,Q3-2024,2022
ED1009,A001,4th Qtr 2019,3467112,INR,,2364194,Q4-2022,2019
ED1004,A004,Q3-2023,3464732,INR,New FMCG client onboarded,3442364,Q4-2019,2023
ED1003,A003,2024-Q2,3459556,INR,,1422981,Q2-2019,2024
ED1010,A004,Q1-2020,3454438,INR,New FMCG client onboarded,1621044,Q1-2023,2020
ED1007,A002,4th Qtr 2019,3446022,IN RUPEES,,4225181.445,Q1-2021,2019
ED1004,A004,4th Qtr 2019,3442364,INR,,1370821,Q4-2019,2019
ED1005,A001,Q3-2023,3430992,INR,,2702224,Q3-2020,2023
ED1003,A002,2022-Q2,3429276,INR,,4191570,Q2-2020,2022
ED1004,A003,Q3-2021,3419540,INR,,4557145,Q4-2023,2021
ED1009,A004,Q3-2023,3402477,INR,,1149227.999,Q3-2019,2023
ED1010,A002,2021-Q2,3397133,INR,,2832303.07,Q3-2019,2021
ED1004,A003,Q3-2022,3383607,INR,,2354447,Q3-2024,2022
ED1007,A003,Q1-2024,3348030,INR,,3740973,Q3-2019,2024
ED1008,A003,Q1-2022,3344710,INR,,2561869,Q1-2024,2022
ED1002,A004,4th Qtr 2021,3341770,INR,,1294633,Q3-2023,2021
ED1005,A003,2019-Q2,3322438,IN RUPEES,,1805533,Q1-2022,2019
ED1010,A004,4th Qtr 2019,3321909,INR,,4493893,Q4-2024,2019
ED1004,A003,Q1-2020,3304212,INR,,1488118,Q1-2022,2020
ED1005,A003,Q1-2024,3299534,INR,,2320062,Q2-2022,2024
ED1007,A002,2023-Q2,3266025,INR,,1651218,Q3-2020,2023
ED1002,A002,4th Qtr 2023,3263186,INR,,2873833,Q3-2019,2023
ED1005,A003,Q1-2022,3257281,IN RUPEES,,2382862.594,Q4-2021,2022
ED1004,A003,4th Qtr 2020,3249448,INR,,2961688,Q2-2020,2020
ED1009,A003,Q3-2024,3242780,INR,,4429434.648,Q3-2022,2024
ED1003,A001,Q3-2020,3230011,INR,Festive push,1190378,Q2-2021,2020
ED1002,A004,4th Qtr 2022,3227168,INR,,2973670,Q2-2022,2022
ED1003,A001,2019-Q2,3213538,IN RUPEES,,1971646,Q4-2024,2019
ED1001,A001,2022-Q2,3205772,INR,,3181981.898,Q2-2023,2022
ED1003,A001,Q1-2023,3185748,INR,,3008673,Q3-2023,2023
ED1007,A003,4th Qtr 2020,3184920,INR,,3811056.364,Q2-2020,2020
ED1002,A001,Q3-2022,3183906,INR,,2501403,Q2-2021,2022
ED1009,A001,2024-Q2,3173394,INR,,4981620,Q2-2019,2024
ED1010,A004,2022-Q2,3171928,INR,,4540957,Q3-2024,2022
ED1008,A003,2019-Q2,3170086,INR,,1420218.122,Q2-2022,2019
ED1008,A004,Q1-2020,3167891,INR,,1157667,Q1-2019,2020
ED1002,A003,4th Qtr 2021,3150304,INR,,3483708.656,Q1-2023,2021
ED1002,A004,4th Qtr 2019,3136084,INR,,3111682,Q2-2019,2019
ED1001,A004,Q3-2024,3134304,INR,,1450598,Q4-2022,2024
ED1005,A004,Q3-2024,3124393,INR,Govt. reduced ad spend,2257381,Q4-2022,2024
ED1010,A004,2024-Q2,3119807,INR,,4134867,Q4-2020,2024
ED1002,A001,2019-Q2,3111682,INR,,4925856,Q4-2023,2019
ED1006,A001,4th Qtr 2022,3108487,INR,,4246611,Q3-2022,2022
ED1001,A003,2020-Q2,3106488,IN RUPEES,,2809027,Q1-2019,2020
ED1004,A002,2021-Q2,3087268,INR,,1235858.57,Q2-2020,2021
ED1010,A003,2021-Q2,3085027,INR,,4284607,Q4-2024,2021
ED1010,A002,Q1-2023,3081065,IN RUPEES,,4328714.806,Q2-2022,2023
ED1004,A002,Q3-2021,3079147,INR,,1917336,Q2-2023,2021
ED1010,A002,Q1-2021,3077410,INR,,4324602,Q1-2021,2021
ED1008,A001,Q3-2019,3072966,INR,,1714777,Q2-2024,2019
ED1005,A002,2019-Q2,3071973,INR,,1890078,Q4-2019,2019
ED1001,A001,Q3-2024,3069870,INR,,3816051,Q4-2020,2024
ED1009,A003,Q1-2024,3068334,INR,,3067459.204,Q2-2023,2024
ED1006,A003,Q3-2019,3066125,INR,Seasonal drop in demand,2557019,Q3-2020,2019
ED1010,A004,2020-Q2,3061306,INR,,2403007,Q2-2021,2020
ED1003,A003,4th Qtr 2023,3053015,INR,,3966415,Q2-2021,2023
ED1008,A004,Q3-2024,3051940,INR,,4953284,Q1-2019,2024
ED1006,A002,4th Qtr 2019,3038452,INR,,3134304,Q3-2024,2019
ED1002,A003,Q1-2022,3019429,INR,,3430992,Q3-2023,2022
ED1004,A004,Q3-2020,3012509,INR,Govt. reduced ad spend,4951068,Q1-2021,2020
ED1010,A002,Q3-2023,3008673,INR,,2346714,Q4-2020,2023
ED1005,A001,Q3-2019,3003364,INR,,4117736,Q1-2022,2019
ED1008,A002,Q3-2022,2997151,INR,,3497742,Q1-2020,2022
ED1007,A001,Q1-2019,2977322,INR,,3185748,Q1-2023,2019
ED1006,A003,2022-Q2,2973670,INR,,960849.6333,Q4-2022,2022
ED1009,A001,4th Qtr 2020,2968799,INR,,1539522,Q4-2022,2020
ED1002,A001,2020-Q2,2961688,INR,,2467151,Q1-2022,2020
ED1003,A001,Q1-2019,2958468,INR,,3995510.153,Q3-2023,2019
ED1003,A001,4th Qtr 2023,2948726,INR,,2467200.148,Q3-2021,2023
ED1009,A004,Q3-2020,2947293,INR,,4013324,Q4-2020,2020
ED1006,A002,2021-Q2,2946807,INR,,4974528,Q4-2024,2021
ED1004,A003,4th Qtr 2024,2938517,INR,,1298949,Q2-2024,2024
ED1007,A003,Q3-2023,2937499,INR,,1796584,Q4-2024,2023
ED1002,A001,Q3-2019,2936467,INR,,3653001.488,Q1-2020,2019
ED1004,A003,Q3-2020,2928356,INR,,3257281,Q1-2022,2020
ED1006,A003,4th Qtr 2024,2926883,INR,,1982122,Q1-2019,2024
ED1009,A004,2023-Q2,2924089,INR,,4520446,Q3-2022,2023
ED1005,A003,Q1-2019,2915863,INR,,1268118,Q1-2020,2019
ED1008,A003,Q3-2024,2913507,INR,,3625290.901,Q2-2019,2024
ED1005,A001,4th Qtr 2024,2911066,INR,,3370300.518,Q1-2024,2024
ED1010,A001,2023-Q2,2911019,INR,,4524919,Q3-2019,2023
ED1007,A001,4th Qtr 2021,2910074,INR,,4985211,Q3-2019,2021
ED1008,A003,Q1-2024,2895087,INR,Govt. reduced ad spend,1172327.764,Q3-2022,2024
ED1008,A003,Q3-2019,2873833,INR,Real estate slowdown,3683837,Q3-2019,2019
ED1002,A001,Q1-2023,2867547,INR,,2150662,Q1-2023,2023
ED1006,A004,2020-Q2,2848489,INR,,3117179.479,Q2-2022,2020
ED1009,A002,Q1-2024,2835620,INR,,954815.3489,Q3-2022,2024
ED1004,A004,Q1-2019,2809027,INR,,3687959.702,Q3-2020,2019
ED1005,A001,Q3-2022,2801446,INR,Real estate slowdown,4384750,Q2-2019,2022
ED1001,A001,2022-Q2,2794391,INR,,2368313,Q4-2024,2022
ED1001,A003,2019-Q2,2783959,INR,,4669088,Q4-2023,2019
ED1007,A004,4th Qtr 2023,2774254,INR,,3124393,Q3-2024,2023
ED1007,A001,Q3-2022,2773154,INR,,1245991,Q2-2024,2022
ED1004,A001,2020-Q2,2759067,INR,,3494727,Q4-2022,2020
ED1002,A002,Q1-2022,2756304,INR,,2062449,Q4-2021,2022
ED1010,A001,Q1-2022,2750538,INR,,3846340,Q1-2021,2022
ED1005,A003,Q3-2022,2724025,INR,,4967532,Q2-2023,2022
ED1003,A002,Q1-2019,2719829,INR,,3950094,Q2-2020,2019
ED1002,A003,4th Qtr 2020,2708457,INR,,2003505,Q4-2021,2020
ED1007,A003,Q3-2020,2702224,INR,,4175234,Q3-2022,2020
ED1004,A003,Q1-2023,2686607,IN RUPEES,,2794391,Q2-2022,2023
ED1003,A002,2023-Q2,2682267,INR,,1595934.48,Q4-2021,2023
ED1002,A001,4th Qtr 2020,2676615,INR,New FMCG client onboarded,4355491.848,Q4-2023,2020
ED1010,A004,2023-Q2,2676505,INR,,4201553.257,Q3-2019,2023
ED1008,A001,Q1-2022,2665096,INR,,2811795.176,Q1-2024,2022
ED1008,A001,Q1-2021,2650525,IN RUPEES,,4945671,Q1-2022,2021
ED1002,A001,Q1-2020,2646238,INR,,1745322.552,Q1-2019,2020
ED1002,A004,Q1-2021,2639961,INR,,1813545,Q3-2022,2021
ED1009,A001,4th Qtr 2024,2630209,INR,,3047171.04,Q2-2023,2024
ED1004,A004,2023-Q2,2622090,INR,,4097986.198,Q4-2020,2023
ED1006,A003,Q1-2023,2592351,INR,,2773154,Q3-2022,2023
ED1007,A001,Q3-2023,2589267,INR,,3556118,Q1-2023,2023
ED1006,A001,Q3-2022,2584494,INR,,4885957.765,Q2-2021,2022
ED1008,A001,Q1-2020,2577548,INR,Seasonal drop in demand,4843897,Q2-2020,2020
ED1004,A002,Q3-2022,2576243,INR,,3322438,Q2-2019,2022
ED1004,A003,2019-Q2,2572015,INR,,2483777.788,Q3-2022,2019
ED1004,A003,Q3-2019,2571209,INR,,3184920,Q4-2020,2019
ED1009,A001,Q1-2024,2561869,INR,,2332937,Q3-2019,2024
ED1002,A003,Q3-2020,2557019,INR,,3068334,Q1-2024,2020
ED1009,A002,Q3-2024,2545604,INR,,2155154,Q3-2020,2024
ED1001,A003,2021-Q2,2543139,INR,Govt. reduced ad spend,1717472,Q4-2023,2021
ED1001,A001,4th Qtr 2024,2534011,IN RUPEES,,1478853,Q2-2024,2024
ED1002,A004,2019-Q2,2528929,INR,,1962982,Q4-2022,2019
ED1008,A001,Q3-2021,2523860,INR,,1113633,Q2-2020,2021
ED1008,A004,4th Qtr 2022,2521142,INR,,2236757,Q1-2022,2022
ED1008,A002,4th Qtr 2021,2511683,INR,,1658767.516,Q1-2020,2021
ED1001,A002,2021-Q2,2506056,INR,,2534011,Q4-2024,2021
ED1008,A004,2021-Q2,2501403,IN RUPEES,,1967075,Q2-2022,2021
ED1005,A002,Q3-2019,2500877,INR,,4131767.324,Q3-2023,2019
ED1002,A002,Q1-2019,2499244,INR,,1889735,Q4-2019,2019
ED1001,A002,2023-Q2,2483459,INR,,1702361.259,Q2-2021,2023
ED1001,A001,Q1-2022,2467151,INR,,3061306,Q2-2020,2022
ED1004,A001,Q1-2021,2456742,INR,,2852085.729,Q1-2019,2021
ED1009,A003,4th Qtr 2021,2446120,INR,,3277269.404,Q2-2021,2021
ED1005,A002,Q1-2023,2445554,IN RUPEES,,2686607,Q1-2023,2023
ED1010,A003,Q1-2020,2435643,INR,,4826050,Q4-2019,2020
ED1010,A002,Q1-2024,2432030,IN RUPEES,,2253751,Q3-2022,2024
ED1007,A002,2022-Q2,2425602,INR,,1190711.357,Q1-2022,2022
ED1007,A001,Q3-2020,2411207,IN RUPEES,,4711892,Q2-2022,2020
ED1001,A004,Q3-2019,2410985,INR,,4660210,Q2-2020,2019
ED1004,A002,2021-Q2,2403007,INR,,3826439,Q4-2019,2021
ED1008,A004,2022-Q2,2400998,IN RUPEES,,1654700,Q1-2021,2022
ED1010,A002,Q3-2023,2398271,INR,,3184524.101,Q3-2022,2023
ED1003,A003,4th Qtr 2024,2368313,INR,,2676615,Q4-2020,2024
ED1010,A001,4th Qtr 2022,2364194,INR,,1363891,Q1-2020,2022
ED1002,A002,4th Qtr 2021,2362968,INR,,1729353,Q1-2019,2021
ED1010,A003,Q3-2021,2361346,INR,Price hike concern,4342961,Q2-2020,2021
ED1010,A001,Q3-2024,2354447,INR,,3249448,Q4-2020,2024
ED1008,A003,4th Qtr 2021,2351298,INR,,4810814,Q4-2024,2021
ED1009,A003,Q3-2021,2349198,INR,,3097824.053,Q1-2021,2021
ED1007,A001,2020-Q2,2348389,IN RUPEES,,3985309,Q1-2022,2020
ED1005,A004,4th Qtr 2020,2346714,IN RUPEES,,1583347,Q1-2024,2020
ED1003,A001,2024-Q2,2343727,INR,,1005833,Q2-2022,2024
ED1009,A001,Q3-2022,2342218,INR,,1697820,Q4-2022,2022
ED1009,A001,Q1-2019,2337161,INR,,1549024,Q4-2020,2019
ED1007,A003,Q3-2024,2336952,INR,,2569525.88,Q4-2020,2024
ED1001,A001,Q3-2020,2333715,IN RUPEES,,4085719,Q3-2023,2020
ED1007,A003,Q3-2019,2332937,INR,,2337161,Q1-2019,2019
ED1010,A004,Q1-2023,2331273,INR,,2848489,Q2-2020,2023
ED1004,A004,2022-Q2,2320062,INR,,4255942,Q3-2024,2022
ED1003,A003,2021-Q2,2319824,INR,Price hike concern,2067307,Q4-2021,2021
ED1003,A004,Q1-2021,2316140,IN RUPEES,,2545604,Q3-2024,2021
ED1009,A001,2021-Q2,2275804,INR,,4101558.048,Q2-2022,2021
ED1005,A004,2021-Q2,2267404,INR,,1142518,Q1-2024,2021
ED1004,A003,Q1-2019,2265768,INR,,2596865.334,Q3-2021,2019
ED1001,A004,4th Qtr 2022,2257381,INR,,2576243,Q3-2022,2022
ED1003,A003,4th Qtr 2021,2257263,INR,,4838223,Q3-2022,2021
ED1003,A004,Q3-2022,2253751,IN RUPEES,,1298054,Q1-2021,2022
ED1007,A002,Q1-2022,2247318,INR,,3913874,Q3-2023,2022
ED1010,A004,Q3-2024,2246906,INR,,1935650,Q4-2023,2024
ED1009,A001,2019-Q2,2242474,INR,,1338225,Q4-2020,2019
ED1006,A001,Q1-2022,2236757,INR,,4408072,Q2-2024,2022
ED1008,A001,4th Qtr 2019,2231616,INR,Price hike concern,4007884,Q3-2019,2019
ED1001,A003,4th Qtr 2020,2221235,IN RUPEES,,3635048,Q1-2024,2020
ED1001,A001,Q1-2020,2196738,INR,,4560605,Q4-2021,2020
ED1001,A001,Q3-2020,2179280,INR,,2045271,Q2-2020,2020
ED1001,A004,2019-Q2,2173878,INR,,3079147,Q3-2021,2019
ED1009,A001,Q3-2021,2170763,INR,,1430074.261,Q4-2019,2021
ED1006,A001,4th Qtr 2022,2169207,INR,,3646085.816,Q1-2023,2022
ED1004,A003,Q1-2023,2164635,INR,,2058581.658,Q4-2020,2023
ED1003,A004,Q3-2020,2155154,INR,,4013954,Q4-2021,2020
ED1005,A001,Q1-2023,2150662,INR,Festive push,2820768.182,Q4-2019,2023
ED1009,A001,Q3-2019,2121905,INR,Seasonal drop in demand,2425602,Q2-2022,2019
ED1007,A004,Q1-2024,2112519,INR,,1742549.431,Q2-2020,2024
ED1009,A002,2023-Q2,2110041,INR,,4738474,Q3-2022,2023
ED1001,A001,4th Qtr 2021,2104949,INR,,3241250.892,Q1-2020,2021
ED1004,A004,4th Qtr 2023,2078245,INR,,1286262.644,Q2-2022,2023
ED1010,A003,2024-Q2,2070061,INR,,1020381,Q1-2024,2024
ED1005,A004,4th Qtr 2021,2067307,INR,,4269401,Q4-2019,2021
ED1007,A003,4th Qtr 2021,2062449,INR,,2414519.835,Q3-2021,2021
ED1003,A001,2020-Q2,2045271,IN RUPEES,Festive push,2070733.759,Q1-2024,2020
ED1004,A003,4th Qtr 2021,2039998,INR,,1810617.941,Q4-2023,2021
ED1010,A003,Q1-2019,2035190,INR,,4878582,Q4-2023,2019
ED1003,A004,2020-Q2,2017027,INR,Festive push,1915950.703,Q3-2023,2020
ED1005,A001,4th Qtr 2021,2013545,INR,,1592124,Q4-2020,2021
ED1007,A001,Q1-2023,2006650,INR,,4550543,Q1-2022,2023
ED1010,A004,4th Qtr 2021,2003505,INR,,1295165,Q1-2023,2021
ED1010,A002,4th Qtr 2020,1990495,INR,,3737890.775,Q2-2024,2020
ED1005,A003,Q3-2020,1986578,INR,,2361346,Q3-2021,2020
ED1002,A001,Q1-2019,1982122,IN RUPEES,,4248571,Q4-2021,2019
ED1003,A001,Q3-2023,1973364,INR,,1464478.898,Q4-2022,2023
ED1010,A003,4th Qtr 2024,1971646,IN RUPEES,,4774237,Q1-2021,2024
ED1010,A003,2022-Q2,1967075,INR,,4720623,Q1-2022,2022
ED1010,A003,4th Qtr 2022,1962982,IN RUPEES,,2682267,Q2-2023,2022
ED1005,A002,2022-Q2,1962224,IN RUPEES,,4684030,Q2-2021,2022
ED1008,A001,Q1-2019,1945999,INR,,3003364,Q3-2019,2019
ED1008,A004,4th Qtr 2021,1943532,INR,,3996707,Q1-2024,2021
ED1007,A003,Q1-2021,1940221,INR,,3304212,Q1-2020,2021
ED1001,A003,4th Qtr 2023,1935650,INR,,1676873,Q1-2019,2023
ED1006,A001,2023-Q2,1928197,INR,,2319824,Q2-2021,2023
ED1002,A002,Q1-2023,1924178,INR,,3344710,Q1-2022,2023
ED1010,A001,Q3-2019,1918764,INR,,4734800,Q2-2024,2019
ED1007,A003,2023-Q2,1917336,INR,,3341770,Q4-2021,2023
ED1004,A002,4th Qtr 2020,1901392,INR,,2924089,Q2-2023,2020
ED1009,A003,2023-Q2,1897920,INR,,3890750,Q2-2019,2023
ED1001,A003,4th Qtr 2019,1890078,INR,,1788698,Q4-2024,2019
ED1010,A001,4th Qtr 2019,1889735,INR,,4525881,Q3-2024,2019
ED1003,A002,2019-Q2,1889084,INR,,1081877.252,Q3-2021,2019
ED1008,A004,Q3-2020,1878059,INR,,1663597.33,Q2-2024,2020
ED1008,A003,4th Qtr 2020,1837077,INR,,4958980,Q1-2021,2020
ED1010,A003,Q3-2022,1813545,INR,,4202938,Q4-2020,2022
ED1009,A003,2022-Q2,1813467,INR,,3964411,Q1-2022,2022
ED1004,A003,Q1-2022,1805533,INR,,1990495,Q4-2020,2022
ED1001,A004,4th Qtr 2024,1796584,INR,,4705301,Q4-2023,2024
ED1010,A003,4th Qtr 2024,1788698,INR,,4967293,Q1-2020,2024
ED1006,A001,Q1-2022,1744690,INR,,1629690,Q1-2019,2022
ED1002,A004,4th Qtr 2024,1736314,INR,,1943532,Q4-2021,2024
ED1004,A001,4th Qtr 2022,1730145,INR,,4704138,Q3-2024,2022
ED1009,A004,Q1-2019,1729353,INR,,1557675,Q4-2024,2019
ED1008,A004,4th Qtr 2019,1722331,INR,,2572015,Q2-2019,2019
ED1010,A001,4th Qtr 2023,1717472,INR,,3624128,Q2-2020,2023
ED1008,A004,2024-Q2,1714777,INR,,4183025.286,Q3-2021,2024
ED1004,A001,2020-Q2,1711910,INR,,2710688.023,Q1-2020,2020
ED1007,A002,Q3-2024,1706575,INR,,2411207,Q3-2020,2024
ED1001,A004,4th Qtr 2022,1700429,INR,,4017641,Q4-2024,2022
ED1007,A004,2021-Q2,1700195,INR,,3824426.484,Q4-2020,2021
ED1002,A002,4th Qtr 2022,1697820,IN RUPEES,,1095249,Q1-2021,2022
ED1003,A002,Q3-2021,1691552,INR,,1813467,Q2-2022,2021
ED1010,A003,2024-Q2,1682639,INR,,3013615.209,Q3-2020,2024
ED1008,A002,Q1-2019,1676873,INR,,3538791.373,Q2-2021,2019
ED1008,A003,2022-Q2,1665511,INR,,1440157,Q3-2024,2022
ED1001,A004,Q3-2021,1657516,INR,,4130337,Q3-2022,2021
ED1009,A002,Q1-2021,1654700,INR,,2266176.188,Q1-2024,2021
ED1007,A001,Q3-2020,1651218,INR,,2500877,Q3-2019,2020
ED1001,A004,4th Qtr 2020,1635330,INR,,3699798.547,Q1-2024,2020
ED1006,A002,Q1-2019,1634846,INR,,4989760,Q2-2021,2019
ED1008,A003,Q1-2019,1629690,INR,,1964614.985,Q4-2021,2019
ED1006,A001,Q3-2020,1623335,INR,,3677199.145,Q3-2020,2020
ED1001,A003,Q1-2023,1621044,INR,Price hike concern,3077410,Q1-2021,2023
ED1007,A001,4th Qtr 2023,1612425,INR,,2521188.472,Q1-2022,2023
ED1008,A004,4th Qtr 2024,1607664,INR,,3386433.751,Q3-2023,2024
ED1003,A002,4th Qtr 2023,1602294,INR,,2097582.451,Q4-2023,2023
ED1007,A004,2023-Q2,1600593,INR,,906489.6888,Q4-2020,2023
ED1002,A002,2021-Q2,1599170,INR,,4468958,Q4-2023,2021
ED1003,A003,4th Qtr 2020,1592124,INR,,1682639,Q2-2024,2020
ED1008,A003,Q1-2022,1589196,INR,,1924178,Q1-2023,2022
ED1010,A004,Q1-2024,1583347,INR,,3150304,Q4-2021,2024
ED1004,A002,Q1-2020,1570853,IN RUPEES,,4920145.357,Q1-2024,2020
ED1009,A002,4th Qtr 2021,1568681,INR,,4563048,Q1-2020,2021
ED1010,A001,Q1-2019,1568648,INR,,1722331,Q4-2019,2019
ED1003,A001,4th Qtr 2024,1557675,INR,,2592351,Q1-2023,2024
ED1006,A001,Q3-2021,1555116,INR,,1433751,Q3-2019,2021
ED1003,A003,Q1-2022,1554365,INR,,4185890,Q3-2020,2022
ED1001,A001,4th Qtr 2020,1549024,INR,,2170763,Q3-2021,2020
ED1001,A001,2020-Q2,1548511,INR,,4107380,Q1-2020,2020
ED1005,A002,4th Qtr 2022,1539522,INR,,2947293,Q3-2020,2022
ED1007,A002,2019-Q2,1537804,INR,,2724025,Q3-2022,2019
ED1007,A002,Q1-2022,1488118,INR,,4818857,Q4-2021,2022
ED1009,A003,2024-Q2,1478853,INR,,4953494.916,Q2-2024,2024
ED1002,A001,2024-Q2,1465133,IN RUPEES,,3069870,Q3-2024,2024
ED1009,A004,Q3-2023,1464311,INR,,1167061,Q2-2024,2023
ED1004,A003,Q1-2022,1463619,INR,,2231616,Q4-2019,2022
ED1008,A004,Q3-2021,1460599,IN RUPEES,,2242474,Q2-2019,2021
ED1003,A001,4th Qtr 2022,1450598,INR,,3066125,Q3-2019,2022
ED1006,A004,Q3-2024,1448247,IN RUPEES,,4288952,Q4-2021,2024
ED1003,A004,4th Qtr 2019,1446422,INR,,3711664,Q3-2022,2019
ED1009,A003,Q3-2020,1446083,INR,,3071973,Q2-2019,2020
ED1005,A001,2019-Q2,1441950,IN RUPEES,,1356233.867,Q3-2020,2019
ED1008,A001,Q3-2024,1440157,INR,,3862439,Q1-2021,2024
ED1002,A003,Q3-2019,1433751,INR,,3652377,Q1-2021,2019
ED1010,A003,4th Qtr 2019,1433676,INR,,1607664,Q4-2024,2019
ED1006,A003,2019-Q2,1422981,IN RUPEES,,4410443,Q2-2023,2019
ED1007,A002,Q1-2023,1421291,IN RUPEES,,1901392,Q4-2020,2023
ED1008,A003,Q3-2023,1402920,INR,,1271035,Q2-2020,2023
ED1002,A001,Q1-2024,1394357,INR,,2807351.658,Q3-2021,2024
ED1008,A001,2024-Q2,1388920,INR,,4888599,Q3-2021,2024
ED1009,A003,Q3-2020,1371953,INR,,3128690.442,Q1-2021,2020
ED1007,A002,4th Qtr 2019,1370821,INR,,2756304,Q1-2022,2019
ED1004,A002,Q1-2020,1363891,INR,,2639961,Q1-2021,2020
ED1005,A003,Q1-2023,1351953,INR,,2035190,Q1-2019,2023
ED1005,A003,2022-Q2,1348728,INR,,3459556,Q2-2024,2022
ED1007,A001,4th Qtr 2020,1338225,INR,,3904093.227,Q4-2019,2020
ED1002,A002,2020-Q2,1330897,INR,,1928197,Q2-2023,2020
ED1002,A002,2024-Q2,1298949,IN RUPEES,,1096674,Q4-2023,2024
ED1003,A003,Q3-2024,1298402,INR,,3872634,Q2-2023,2024
ED1005,A001,Q1-2021,1298054,INR,,3430686.614,Q1-2020,2021
ED1001,A002,Q1-2023,1295165,INR,New FMCG client onboarded,3899226,Q1-2023,2023
ED1008,A001,Q3-2023,1294633,INR,Seasonal drop in demand,2543139,Q2-2021,2023
ED1009,A004,4th Qtr 2023,1291000,INR,,4456931,Q3-2019,2023
ED1004,A002,2019-Q2,1288919,INR,,3695135,Q2-2019,2019
ED1008,A003,Q1-2020,1284777,INR,,3263186,Q4-2023,2020
ED1002,A003,Q3-2024,1283216,INR,,1213674.029,Q2-2023,2024
ED1006,A001,4th Qtr 2020,1282723,INR,,3106488,Q2-2020,2020
ED1008,A001,2020-Q2,1271035,INR,,2732980.526,Q1-2021,2020
ED1002,A004,Q1-2020,1268118,INR,,1351953,Q1-2023,2020
ED1002,A003,2024-Q2,1245991,INR,Festive push,2351298,Q4-2021,2024
ED1010,A004,Q1-2019,1241017,INR,,2343727,Q2-2024,2019
ED1004,A003,Q3-2024,1226711,INR,,2688507.121,Q3-2019,2024
ED1001,A004,Q3-2022,1225358,IN RUPEES,,1548511,Q2-2020,2022
ED1005,A003,2021-Q2,1190378,INR,,1023378.775,Q4-2023,2021
ED1006,A001,2024-Q2,1167061,INR,,2104949,Q4-2021,2024
ED1002,A001,4th Qtr 2023,1158282,INR,,1402920,Q3-2023,2023
ED1001,A004,Q1-2019,1157667,INR,,4539802,Q1-2020,2019
ED1007,A004,4th Qtr 2024,1153858,INR,,4173283,Q1-2021,2024
ED1004,A002,4th Qtr 2022,1148038,INR,,2020035.7,Q2-2023,2022
ED1008,A002,4th Qtr 2020,1144678,INR,,1599170,Q2-2021,2020
ED1005,A002,Q1-2024,1142518,IN RUPEES,,1126588,Q1-2019,2024
ED1008,A004,2024-Q2,1139960,IN RUPEES,,1291000,Q4-2023,2024
ED1002,A003,2022-Q2,1132827,INR,,3087268,Q2-2021,2022
ED1002,A003,Q1-2019,1126588,INR,,1889084,Q2-2019,2019
ED1007,A003,2020-Q2,1113633,INR,,2622090,Q2-2023,2020
ED1008,A003,4th Qtr 2023,1096674,INR,,1577589.912,Q1-2023,2023
ED1007,A001,Q1-2021,1095249,INR,,1994381.356,Q3-2021,2021
ED1005,A003,Q1-2020,1069470,INR,,2774254,Q4-2023,2020
ED1010,A001,Q1-2022,1048719,IN RUPEES,,4190946.369,Q4-2019,2022
ED1007,A003,Q3-2019,1040707,INR,,2139743.01,Q1-2019,2019
ED1006,A001,4th Qtr 2024,1034680,INR,,1940221,Q1-2021,2024
ED1002,A004,Q1-2024,1020381,INR,,3383607,Q3-2022,2024
ED1001,A002,2023-Q2,1013534,INR,,1158282,Q4-2023,2023
ED1002,A001,2023-Q2,1007440,INR,,3465849.105,Q3-2021,2023
ED1009,A002,2022-Q2,1005833,INR,,2731301.137,Q1-2024,2022
ED1008,A003,Q3-2023,59989.33,USD,,3153330.228,Q2-2020,2023
ED1006,A001,4th Qtr 2020,59784.89,USD,,4636340,Q2-2019,2020
ED1005,A003,Q3-2019,59751.6,USD,,2584494,Q3-2022,2019
ED1003,A002,2024-Q2,59387.54,USD,,2913507,Q3-2024,2024
ED1001,A001,Q1-2024,59196.84,USD,,1744690,Q1-2022,2024
ED1005,A002,2021-Q2,58809.96,USD,,4211638.293,Q4-2021,2021
ED1005,A001,Q1-2021,58585.23,USD,,2948726,Q4-2023,2021
ED1006,A003,2023-Q2,57934.25,USD,,1048719,Q1-2022,2023
ED1005,A004,4th Qtr 2024,56656.18,USD,,2164635,Q1-2023,2024
ED1006,A003,4th Qtr 2020,55483.16,USD,,4984162,Q2-2022,2020
ED1009,A003,Q3-2022,55165.43,EUR,,4114010,Q4-2023,2022
ED1002,A004,2021-Q2,55147.91,EUR,,4816160,Q2-2024,2021
ED1001,A002,Q3-2021,55134.24,USD,,3313097.537,Q1-2022,2021
ED1007,A003,4th Qtr 2019,54711.36,USD,,1691552,Q3-2021,2019
ED1001,A001,4th Qtr 2019,52793.56,EUR,,4893012,Q1-2023,2019
ED1004,A002,2022-Q2,52645.82,EUR,,2112519,Q1-2024,2022
ED1007,A003,4th Qtr 2020,51779.4,USD,,4542127,Q4-2022,2020
ED1007,A003,2019-Q2,51670.81,EUR,,1600593,Q2-2023,2019
ED1007,A001,2024-Q2,51413.87,EUR,,3845449,Q4-2024,2024
ED1005,A001,Q3-2020,51301.63,EUR,Festive push,3832278,Q2-2019,2020
ED1010,A001,2019-Q2,51151.89,USD,,2221235,Q4-2020,2019
ED1004,A002,Q3-2024,51059.8,EUR,,3205772,Q2-2022,2024
ED1004,A003,2024-Q2,50693.47,USD,,1918764,Q3-2019,2024
ED1010,A003,2020-Q2,50542.95,USD,,3939310.29,Q3-2021,2020
ED1002,A002,Q3-2023,49986.7,USD,,2410985,Q3-2019,2023
ED1006,A002,Q1-2020,49948.29,USD,,3135417.417,Q1-2020,2020
ED1005,A001,Q3-2020,49897.98,USD,,2783959,Q2-2019,2020
ED1001,A002,2022-Q2,49883.14,EUR,,4763723,Q3-2024,2022
ED1010,A001,Q3-2020,49752.39,USD,,2911019,Q2-2023,2020
ED1005,A002,4th Qtr 2020,49535.57,USD,,2432030,Q1-2024,2020
ED1002,A003,Q1-2023,49507.6,USD,,1876922.133,Q4-2024,2023
ED1004,A003,Q1-2023,49486.83,EUR,,4186647,Q3-2019,2023
ED1010,A001,2023-Q2,49436.5,EUR,,2895087,Q1-2024,2023
ED1004,A003,Q3-2023,49331.19,USD,,4137507,Q1-2024,2023
ED1009,A003,4th Qtr 2021,49280.83,EUR,,1288919,Q2-2019,2021
ED1010,A001,Q3-2020,49269.6,USD,,3602288,Q3-2021,2020
ED1001,A002,4th Qtr 2023,48288.12,EUR,,3552316,Q3-2023,2023
ED1003,A001,Q3-2021,48218.2,EUR,,3587082,Q4-2019,2021
ED1001,A001,Q1-2021,48110.01,EUR,,3851157,Q3-2021,2021
ED1007,A001,2021-Q2,48055.07,USD,,1614590.308,Q1-2019,2021
ED1005,A002,Q3-2024,47952.71,EUR,,2589267,Q3-2023,2024
ED1010,A004,Q1-2021,47341.75,USD,,2977322,Q1-2019,2021
ED1009,A002,4th Qtr 2019,47187.63,EUR,,1042814.57,Q3-2019,2019
ED1007,A004,Q1-2020,46908.53,USD,Real estate slowdown,1441950,Q2-2019,2020
ED1010,A004,Q1-2024,46596.27,USD,,2423524.776,Q3-2023,2024
ED1009,A001,2019-Q2,46429.08,EUR,,2708457,Q4-2020,2019
ED1003,A001,Q1-2021,45565.06,EUR,,2309707.673,Q2-2021,2021
ED1010,A001,Q3-2021,45408.87,EUR,,1947514.74,Q2-2022,2021
ED1002,A003,Q3-2024,45241.17,EUR,,4786886,Q4-2023,2024
ED1007,A003,2024-Q2,44813.64,USD,,2672620.312,Q1-2023,2024
ED1003,A004,Q3-2023,44750.74,EUR,,1463619,Q1-2022,2023
ED1008,A004,Q1-2023,44367.25,USD,,2039998,Q4-2021,2023
ED1005,A001,Q1-2022,43994.16,USD,,2013545,Q4-2021,2022
ED1005,A001,4th Qtr 2022,43816.46,USD,,4377444,Q4-2024,2022
ED1006,A003,Q3-2023,43606.69,USD,,3011849.745,Q2-2022,2023
ED1004,A002,2020-Q2,42434.93,EUR,,2694004.598,Q4-2019,2020
ED1009,A004,Q1-2023,42391.37,USD,,1497634.779,Q2-2024,2023
ED1002,A001,Q1-2020,42184.81,USD,,2915863,Q1-2019,2020
ED1005,A004,Q1-2022,42132.88,USD,,2342218,Q3-2022,2022
ED1002,A003,Q3-2020,41752.86,USD,,4601761,Q1-2023,2020
ED1003,A001,4th Qtr 2019,41749.7,EUR,,4986784,Q1-2023,2019
ED1008,A003,Q3-2020,41630.06,EUR,,3419540,Q3-2021,2020
ED1006,A004,Q1-2024,41204.1,EUR,Seasonal drop in demand,2911066,Q4-2024,2024
ED1003,A002,Q3-2023,40969.55,USD,,1348728,Q2-2022,2023
ED1002,A001,Q3-2020,40774.12,USD,,1888664.164,Q1-2021,2020
ED1008,A003,2021-Q2,40375.03,EUR,,4448644,Q1-2022,2021
ED1003,A003,Q1-2020,40112.34,EUR,,4077584.616,Q3-2023,2020
ED1002,A003,Q3-2021,39951.23,EUR,,4680238,Q1-2024,2021
ED1008,A003,4th Qtr 2024,39884.89,USD,,936342.6995,Q2-2019,2024
ED1002,A003,2019-Q2,39841.8,USD,,2936467,Q3-2019,2019
ED1007,A004,Q3-2022,39750.9,USD,,3230011,Q3-2020,2022
ED1005,A003,4th Qtr 2019,39529.81,USD,,2316140,Q1-2021,2019
ED1005,A002,Q1-2019,39366.88,USD,,4571581,Q2-2024,2019
ED1006,A004,Q1-2020,38802.59,EUR,,3266025,Q2-2023,2020
ED1006,A004,2023-Q2,38727.36,USD,,3321909,Q4-2019,2023
ED1008,A001,2019-Q2,38480.02,EUR,,4034577.41,Q2-2019,2019
ED1007,A003,Q1-2024,38350.06,EUR,,4877131,Q1-2020,2024
ED1010,A002,Q3-2021,38031.75,USD,,3610193,Q2-2024,2021
ED1008,A004,2022-Q2,37911.13,EUR,,2835620,Q1-2024,2022
ED1007,A001,Q3-2021,37898.14,USD,,2750538,Q1-2022,2021
ED1005,A001,2020-Q2,37692.81,EUR,,2521142,Q4-2022,2020
ED1001,A002,Q1-2024,37534.53,EUR,,4961514,Q2-2023,2024
ED1009,A002,Q1-2021,37279.1,USD,,1394357,Q1-2024,2021
ED1005,A003,2023-Q2,37086.6,USD,,2666277.373,Q1-2023,2023
ED1010,A001,2021-Q2,36990.61,EUR,,1568648,Q1-2019,2021
ED1008,A001,Q3-2019,36663.01,EUR,,3852657,Q2-2021,2019
ED1005,A003,2022-Q2,36630.11,EUR,,2070061,Q2-2024,2022
ED1005,A001,Q1-2019,36491.02,USD,,3470686.815,Q1-2021,2019
ED1006,A001,4th Qtr 2021,36311.26,EUR,,1986578,Q3-2020,2021
ED1009,A002,4th Qtr 2022,35852.82,USD,,1040707,Q3-2019,2022
ED1003,A002,Q1-2021,35624.82,EUR,,2267404,Q2-2021,2021
ED1004,A001,Q3-2023,35322.16,USD,,3454438,Q1-2020,2023
ED1004,A004,Q1-2021,35273.36,EUR,,4069789.06,Q3-2021,2021
ED1005,A001,Q3-2021,35180.25,USD,,1139960,Q2-2024,2021
ED1010,A002,Q3-2019,34801.63,EUR,,4532792,Q1-2019,2019
ED1009,A002,4th Qtr 2020,34789.14,USD,,3072966,Q3-2019,2020
ED1007,A004,2022-Q2,34710.31,EUR,,2362968,Q4-2021,2022
ED1003,A001,2023-Q2,34339.28,EUR,,4760181,Q3-2023,2023
ED1007,A001,4th Qtr 2022,34206.77,USD,,3633790.801,Q3-2020,2022
ED1006,A003,Q1-2021,34110.72,USD,,1893034.8,Q3-2022,2021
ED1006,A003,4th Qtr 2019,33936.51,EUR,,4837738,Q2-2019,2019
ED1003,A002,Q1-2020,33546.32,EUR,,2499244,Q1-2019,2020
ED1003,A001,Q1-2022,33478.51,USD,,4564855,Q4-2022,2022
ED1002,A004,Q3-2021,33423.65,USD,,3620989,Q2-2024,2021
ED1008,A003,Q1-2023,32444.49,USD,,2317827.956,Q4-2024,2023
ED1006,A003,Q1-2021,32130.26,EUR,Price hike concern,3314244.268,Q4-2019,2021
ED1008,A003,Q1-2024,31314.54,EUR,,4068518.065,Q1-2023,2024
ED1010,A003,Q3-2022,30933.67,EUR,,4266866,Q4-2024,2022
ED1010,A002,4th Qtr 2021,30534.02,EUR,,2474247.205,Q1-2022,2021
ED1001,A003,4th Qtr 2021,30490.96,USD,,2500702.364,Q1-2021,2021
ED1003,A001,Q1-2024,30418.09,EUR,,4330785.058,Q2-2021,2024
ED1002,A003,4th Qtr 2024,30410.39,USD,,1700429,Q4-2022,2024
ED1001,A002,Q1-2023,30228.93,EUR,,2506056,Q2-2021,2023
ED1006,A002,4th Qtr 2021,30096.2,EUR,,3299534,Q1-2024,2021
ED1001,A001,Q1-2022,29408.76,EUR,,2483459,Q2-2023,2022
ED1002,A003,2023-Q2,29249.16,USD,,4788760,Q4-2022,2023
ED1004,A001,2022-Q2,28096.59,EUR,,1282723,Q4-2020,2022
ED1006,A003,4th Qtr 2021,27882.13,EUR,,3729500,Q4-2022,2021
ED1006,A003,Q3-2021,27832.44,EUR,New FMCG client onboarded,3085953.883,Q3-2020,2021
ED1003,A002,4th Qtr 2024,27357.18,USD,,1554365,Q1-2022,2024
ED1001,A004,Q1-2024,27265.55,USD,,3172928.883,Q1-2022,2024
ED1007,A004,Q3-2023,27144.1,EUR,,1093003.047,Q1-2020,2023
ED1009,A004,Q3-2021,27018.28,USD,Seasonal drop in demand,3550049.664,Q2-2020,2021
ED1003,A004,Q1-2019,26820.32,EUR,,2246906,Q3-2024,2019
ED1001,A001,Q1-2019,26280.06,USD,,4966317,Q4-2022,2019
ED1009,A001,2024-Q2,26211.27,EUR,,3213538,Q2-2019,2024
ED1006,A001,2021-Q2,26069.72,EUR,,4958558.046,Q3-2023,2021
ED1009,A004,4th Qtr 2020,25800.81,EUR,,4972321,Q4-2019,2020
ED1004,A003,Q1-2021,25762.24,USD,,4001675.453,Q1-2021,2021
ED1007,A003,Q3-2019,25419.59,EUR,,1146388.854,Q1-2020,2019
ED1006,A002,Q1-2024,24914.08,USD,,1144678,Q4-2020,2024
ED1010,A004,Q3-2019,24847.89,USD,,1333830.927,Q1-2021,2019
ED1001,A003,Q1-2022,24385.07,EUR,,2247318,Q1-2022,2022
ED1007,A003,4th Qtr 2023,23946.39,EUR,,3397133,Q2-2021,2023
ED1005,A002,4th Qtr 2019,23777.63,EUR,,2272939.557,Q4-2020,2019
ED1006,A001,2022-Q2,23685.67,EUR,,4537278,Q2-2023,2022
ED1006,A003,Q3-2022,23576.39,EUR,,3446022,Q4-2019,2022
ED1005,A001,4th Qtr 2020,23367.57,EUR,,1132827,Q2-2022,2020
ED1005,A003,4th Qtr 2023,23255.31,EUR,,1153858,Q4-2024,2023
ED1004,A003,2021-Q2,23117.24,USD,,4980925,Q4-2020,2021
ED1008,A001,2020-Q2,23110.02,USD,,1464311,Q3-2023,2020
ED1010,A001,4th Qtr 2021,22988.17,EUR,,1942481.404,Q3-2020,2021
ED1008,A002,2020-Q2,22813.23,EUR,,4872915,Q4-2022,2020
ED1008,A003,Q1-2021,22624.54,EUR,,1634846,Q1-2019,2021
ED1005,A001,2023-Q2,22613.69,EUR,,3709860,Q3-2023,2023
ED1010,A004,4th Qtr 2023,22582.33,EUR,,4955352,Q2-2020,2023
ED1006,A003,Q1-2019,22285.93,USD,Govt. reduced ad spend,1973364,Q3-2023,2019
ED1004,A001,Q3-2020,22253.79,EUR,,4780497,Q4-2022,2020
ED1009,A003,Q1-2019,21876.51,EUR,,3745927.091,Q4-2019,2019
ED1009,A001,2021-Q2,21809.33,USD,,2759067,Q2-2020,2021
ED1009,A001,4th Qtr 2023,21744.55,USD,,2719829,Q1-2019,2023
ED1009,A001,Q3-2023,21459.14,EUR,,1606046.331,Q2-2021,2023
ED1003,A001,4th Qtr 2019,21393.41,EUR,,3607897,Q3-2020,2019
ED1005,A001,2020-Q2,21143.66,EUR,,3171928,Q2-2022,2020
ED1006,A004,4th Qtr 2024,20895.01,EUR,,1612425,Q4-2023,2024
ED1006,A001,2024-Q2,20777.43,EUR,,3795400,Q2-2022,2024
ED1008,A004,Q3-2020,20679.37,EUR,,4958821,Q2-2019,2020
ED1005,A003,Q1-2020,20528.2,EUR,,4624468,Q3-2023,2020
ED1002,A002,4th Qtr 2019,20040.84,USD,,1433676,Q4-2019,2019
ED1009,A004,4th Qtr 2024,19207.25,USD,,1466091.85,Q2-2019,2024
ED1009,A003,Q1-2023,19196.84,USD,,1208132.232,Q3-2022,2023
ED1010,A002,2019-Q2,18776.23,EUR,,1861165.995,Q2-2024,2019
ED1007,A002,4th Qtr 2021,18674.2,EUR,,3173394,Q2-2024,2021
ED1001,A001,2024-Q2,18571.84,EUR,,4294961.325,Q1-2021,2024
ED1007,A004,2022-Q2,18283.01,USD,,1887555.454,Q4-2019,2022
ED1008,A003,4th Qtr 2022,17798.29,USD,,1388920,Q2-2024,2022
ED1010,A002,2020-Q2,17146.08,USD,Price hike concern,4981686,Q2-2020,2020
ED1002,A003,Q3-2021,17092.9,USD,Real estate slowdown,1261729.506,Q3-2021,2021
ED1005,A004,2024-Q2,16719.09,EUR,,1284777,Q1-2020,2024
ED1006,A004,2022-Q2,16558.55,USD,,2814601.449,Q4-2022,2022
ED1003,A001,2021-Q2,16475.22,USD,,2445554,Q1-2023,2021
ED1003,A002,2020-Q2,16390.19,USD,,3012509,Q3-2020,2020
ED1009,A002,Q3-2019,16343.53,USD,,1298402,Q3-2024,2019
ED1008,A001,2023-Q2,16232.37,USD,,1089929.751,Q3-2024,2023
ED1010,A003,2022-Q2,16152.36,USD,,2910074,Q4-2021,2022
ED1006,A001,Q3-2021,16038.69,USD,,3085214.203,Q1-2020,2021
ED1010,A002,Q1-2022,15811.29,USD,,2006650,Q1-2023,2022
ED1006,A002,Q3-2020,15537.52,EUR,,3943869,Q4-2023,2020
ED1001,A002,Q1-2021,15187.66,EUR,,1448247,Q3-2024,2021
ED1010,A002,Q3-2022,15046.42,EUR,,4062573,Q1-2019,2022
ED1008,A004,2023-Q2,14771.42,USD,,4016088,Q4-2019,2023
ED1005,A003,Q3-2022,14633.61,USD,,2017027,Q2-2020,2022
ED1010,A002,Q1-2020,14187.22,EUR,,3689392,Q3-2023,2020
ED1009,A004,Q1-2020,13526.54,EUR,,2336952,Q3-2024,2020
ED1006,A001,Q3-2019,13498.81,EUR,,2398271,Q3-2023,2019
ED1010,A003,2019-Q2,13495.47,USD,,4772787,Q4-2022,2019
ED1002,A002,Q3-2024,13010.41,USD,,4435378,Q1-2019,2024
ED1007,A002,Q3-2021,12470.92,EUR,,1283216,Q3-2024,2021
ED1006,A002,4th Qtr 2023,12290.23,USD,,4415711.975,Q4-2020,2023
ED1003,A002,4th Qtr 2020,12273.08,USD,,2281455.591,Q4-2021,2020
ED1001,A004,Q3-2022,11891.54,EUR,,2349198,Q3-2021,2022
ED1005,A004,4th Qtr 2022,11305,EUR,,2646238,Q1-2020,2022
